date,description,amount,type
2026-09-01,Salary,250000,Income
2026-09-02,Uber,4500,Expense
2026-09-03,Chicken Republic,6500,Expense
2026-09-04,Netflix,5000,Expense
2026-09-05,MTN Data,3000,Expense
2026-09-07,Amazon,15000,Expense
2026-09-10,Freelance Design,75000,Income
2026-09-11,Bolt,3500,Expense
2026-09-12,Shoprite Groceries,18000,Expense
2026-09-15,Spotify,2500,Expense
2026-09-18,EKEDC Electricity,12000,Expense
2026-09-20,Zara Clothing,22000,Expense
2026-09-22,Freelance Design,50000,Income
2026-09-25,Chicken Republic,14000,Expense
2026-09-27,Uber,5000,Expense